DROP TABLE PLAYER_CARDS;
DROP TABLE PLAYERS;
DROP TABLE STATUSES;
DROP TABLE TABLE_CARDS;
DROP TABLE GAMES;
DROP TABLE MEMBERS;
DROP TABLE ROUNDS;
DROP TABLE CARDS;
DROP TABLE CARD_NUMBERS;
DROP TABLE CARD_SUITS;


CREATE TABLE CARD_SUITS (
    SUIT_ID VARCHAR2(255 BYTE) NOT NULL,
    SUIT    VARCHAR2(255 BYTE) NOT NULL,
    PRIMARY KEY (SUIT_ID)
);

COMMENT ON TABLE CARD_SUITS IS 'Contains possible values for card suit';
COMMENT ON COLUMN CARD_SUITS.SUIT_ID IS 'ID of suit';
COMMENT ON COLUMN CARD_SUITS.SUIT IS 'Suit name';

INSERT INTO CARD_SUITS (SUIT_ID, SUIT) VALUES ('S','spades');
INSERT INTO CARD_SUITS (SUIT_ID, SUIT) VALUES ('D','diamonds');
INSERT INTO CARD_SUITS (SUIT_ID, SUIT) VALUES ('C','clubs');
INSERT INTO CARD_SUITS (SUIT_ID, SUIT) VALUES ('H','hearts');

CREATE TABLE CARD_NUMBERS (
    CARD_NUMBER_ID NUMBER NOT NULL,
    CARD_NUMBER    VARCHAR2(255 BYTE) NOT NULL,
    PRIMARY KEY (CARD_NUMBER_ID)
);

COMMENT ON TABLE CARD_NUMBERS IS 'Contains possible values for card number';
COMMENT ON COLUMN CARD_NUMBERS.CARD_NUMBER_ID IS 'ID of number';
COMMENT ON COLUMN CARD_NUMBERS.CARD_NUMBER IS 'number name';

INSERT INTO CARD_NUMBERS (CARD_NUMBER_ID, CARD_NUMBER) VALUES (1,'A');
INSERT INTO CARD_NUMBERS (CARD_NUMBER_ID, CARD_NUMBER) VALUES (2,'2');
INSERT INTO CARD_NUMBERS (CARD_NUMBER_ID, CARD_NUMBER) VALUES (3,'3');
INSERT INTO CARD_NUMBERS (CARD_NUMBER_ID, CARD_NUMBER) VALUES (4,'4');
INSERT INTO CARD_NUMBERS (CARD_NUMBER_ID, CARD_NUMBER) VALUES (5,'5');
INSERT INTO CARD_NUMBERS (CARD_NUMBER_ID, CARD_NUMBER) VALUES (6,'6');
INSERT INTO CARD_NUMBERS (CARD_NUMBER_ID, CARD_NUMBER) VALUES (7,'7');
INSERT INTO CARD_NUMBERS (CARD_NUMBER_ID, CARD_NUMBER) VALUES (8,'8');
INSERT INTO CARD_NUMBERS (CARD_NUMBER_ID, CARD_NUMBER) VALUES (9,'9');
INSERT INTO CARD_NUMBERS (CARD_NUMBER_ID, CARD_NUMBER) VALUES (10,'10');
INSERT INTO CARD_NUMBERS (CARD_NUMBER_ID, CARD_NUMBER) VALUES (11,'J');
INSERT INTO CARD_NUMBERS (CARD_NUMBER_ID, CARD_NUMBER) VALUES (12,'Q');
INSERT INTO CARD_NUMBERS (CARD_NUMBER_ID, CARD_NUMBER) VALUES (13,'K');

CREATE TABLE CARDS (
    CARD_ID NUMBER NOT NULL,
    CARD_NUMBER_ID NUMBER NOT NULL,
    CARD_SUIT_ID VARCHAR2(255 BYTE) NOT NULL,
    PRIMARY KEY (CARD_ID),
    FOREIGN KEY (CARD_NUMBER_ID) REFERENCES CARD_NUMBERS(CARD_NUMBER_ID),
    FOREIGN KEY (CARD_SUIT_ID) REFERENCES CARD_SUITS(SUIT_ID)
);

COMMENT ON TABLE CARDS IS 'Contains cards that are possible to appear in a game';
COMMENT ON COLUMN CARDS.CARD_ID IS 'ID of card';
COMMENT ON COLUMN CARDS.CARD_NUMBER_ID IS 'Reference to the number of the card';
COMMENT ON COLUMN CARDS.CARD_SUIT_ID IS 'Reference to the suit of the card';

INSERT INTO CARDS (CARD_ID, CARD_NUMBER_ID, CARD_SUIT_ID) VALUES (1, 1, 'S');
INSERT INTO CARDS (CARD_ID, CARD_NUMBER_ID, CARD_SUIT_ID) VALUES (2, 2, 'S');
INSERT INTO CARDS (CARD_ID, CARD_NUMBER_ID, CARD_SUIT_ID) VALUES (3, 3, 'S');
INSERT INTO CARDS (CARD_ID, CARD_NUMBER_ID, CARD_SUIT_ID) VALUES (4, 4, 'S');
INSERT INTO CARDS (CARD_ID, CARD_NUMBER_ID, CARD_SUIT_ID) VALUES (5, 5, 'S');
INSERT INTO CARDS (CARD_ID, CARD_NUMBER_ID, CARD_SUIT_ID) VALUES (6, 6, 'S');
INSERT INTO CARDS (CARD_ID, CARD_NUMBER_ID, CARD_SUIT_ID) VALUES (7, 7, 'S');
INSERT INTO CARDS (CARD_ID, CARD_NUMBER_ID, CARD_SUIT_ID) VALUES (8, 8, 'S');
INSERT INTO CARDS (CARD_ID, CARD_NUMBER_ID, CARD_SUIT_ID) VALUES (9, 9, 'S');
INSERT INTO CARDS (CARD_ID, CARD_NUMBER_ID, CARD_SUIT_ID) VALUES (10, 10, 'S');
INSERT INTO CARDS (CARD_ID, CARD_NUMBER_ID, CARD_SUIT_ID) VALUES (11, 11, 'S');
INSERT INTO CARDS (CARD_ID, CARD_NUMBER_ID, CARD_SUIT_ID) VALUES (12, 12, 'S');
INSERT INTO CARDS (CARD_ID, CARD_NUMBER_ID, CARD_SUIT_ID) VALUES (13, 13, 'S');
INSERT INTO CARDS (CARD_ID, CARD_NUMBER_ID, CARD_SUIT_ID) VALUES (14, 1, 'D');
INSERT INTO CARDS (CARD_ID, CARD_NUMBER_ID, CARD_SUIT_ID) VALUES (15, 2, 'D');
INSERT INTO CARDS (CARD_ID, CARD_NUMBER_ID, CARD_SUIT_ID) VALUES (16, 3, 'D');
INSERT INTO CARDS (CARD_ID, CARD_NUMBER_ID, CARD_SUIT_ID) VALUES (17, 4, 'D');
INSERT INTO CARDS (CARD_ID, CARD_NUMBER_ID, CARD_SUIT_ID) VALUES (18, 5, 'D');
INSERT INTO CARDS (CARD_ID, CARD_NUMBER_ID, CARD_SUIT_ID) VALUES (19, 6, 'D');
INSERT INTO CARDS (CARD_ID, CARD_NUMBER_ID, CARD_SUIT_ID) VALUES (20, 7, 'D');
INSERT INTO CARDS (CARD_ID, CARD_NUMBER_ID, CARD_SUIT_ID) VALUES (21, 8, 'D');
INSERT INTO CARDS (CARD_ID, CARD_NUMBER_ID, CARD_SUIT_ID) VALUES (22, 9, 'D');
INSERT INTO CARDS (CARD_ID, CARD_NUMBER_ID, CARD_SUIT_ID) VALUES (23, 10, 'D');
INSERT INTO CARDS (CARD_ID, CARD_NUMBER_ID, CARD_SUIT_ID) VALUES (24, 11, 'D');
INSERT INTO CARDS (CARD_ID, CARD_NUMBER_ID, CARD_SUIT_ID) VALUES (25, 12, 'D');
INSERT INTO CARDS (CARD_ID, CARD_NUMBER_ID, CARD_SUIT_ID) VALUES (26, 13, 'D');
INSERT INTO CARDS (CARD_ID, CARD_NUMBER_ID, CARD_SUIT_ID) VALUES (27, 1, 'C');
INSERT INTO CARDS (CARD_ID, CARD_NUMBER_ID, CARD_SUIT_ID) VALUES (28, 2, 'C');
INSERT INTO CARDS (CARD_ID, CARD_NUMBER_ID, CARD_SUIT_ID) VALUES (29, 3, 'C');
INSERT INTO CARDS (CARD_ID, CARD_NUMBER_ID, CARD_SUIT_ID) VALUES (30, 4, 'C');
INSERT INTO CARDS (CARD_ID, CARD_NUMBER_ID, CARD_SUIT_ID) VALUES (31, 5, 'C');
INSERT INTO CARDS (CARD_ID, CARD_NUMBER_ID, CARD_SUIT_ID) VALUES (32, 6, 'C');
INSERT INTO CARDS (CARD_ID, CARD_NUMBER_ID, CARD_SUIT_ID) VALUES (33, 7, 'C');
INSERT INTO CARDS (CARD_ID, CARD_NUMBER_ID, CARD_SUIT_ID) VALUES (34, 8, 'C');
INSERT INTO CARDS (CARD_ID, CARD_NUMBER_ID, CARD_SUIT_ID) VALUES (35, 9, 'C');
INSERT INTO CARDS (CARD_ID, CARD_NUMBER_ID, CARD_SUIT_ID) VALUES (36, 10, 'C');
INSERT INTO CARDS (CARD_ID, CARD_NUMBER_ID, CARD_SUIT_ID) VALUES (37, 11, 'C');
INSERT INTO CARDS (CARD_ID, CARD_NUMBER_ID, CARD_SUIT_ID) VALUES (38, 12, 'C');
INSERT INTO CARDS (CARD_ID, CARD_NUMBER_ID, CARD_SUIT_ID) VALUES (39, 13, 'C');
INSERT INTO CARDS (CARD_ID, CARD_NUMBER_ID, CARD_SUIT_ID) VALUES (40, 1, 'H');
INSERT INTO CARDS (CARD_ID, CARD_NUMBER_ID, CARD_SUIT_ID) VALUES (41, 2, 'H');
INSERT INTO CARDS (CARD_ID, CARD_NUMBER_ID, CARD_SUIT_ID) VALUES (42, 3, 'H');
INSERT INTO CARDS (CARD_ID, CARD_NUMBER_ID, CARD_SUIT_ID) VALUES (43, 4, 'H');
INSERT INTO CARDS (CARD_ID, CARD_NUMBER_ID, CARD_SUIT_ID) VALUES (44, 5, 'H');
INSERT INTO CARDS (CARD_ID, CARD_NUMBER_ID, CARD_SUIT_ID) VALUES (45, 6, 'H');
INSERT INTO CARDS (CARD_ID, CARD_NUMBER_ID, CARD_SUIT_ID) VALUES (46, 7, 'H');
INSERT INTO CARDS (CARD_ID, CARD_NUMBER_ID, CARD_SUIT_ID) VALUES (47, 8, 'H');
INSERT INTO CARDS (CARD_ID, CARD_NUMBER_ID, CARD_SUIT_ID) VALUES (48, 9, 'H');
INSERT INTO CARDS (CARD_ID, CARD_NUMBER_ID, CARD_SUIT_ID) VALUES (49, 10, 'H');
INSERT INTO CARDS (CARD_ID, CARD_NUMBER_ID, CARD_SUIT_ID) VALUES (50, 11, 'H');
INSERT INTO CARDS (CARD_ID, CARD_NUMBER_ID, CARD_SUIT_ID) VALUES (51, 12, 'H');
INSERT INTO CARDS (CARD_ID, CARD_NUMBER_ID, CARD_SUIT_ID) VALUES (52, 13, 'H');

CREATE TABLE ROUNDS (
    ROUND_ID VARCHAR2(255 BYTE) NOT NULL,
    ROUND VARCHAR2(255 BYTE) NOT NULL,
    PRIMARY KEY (ROUND_ID)
);

COMMENT ON TABLE ROUNDS IS 'The rounds that are possible to appear in a game';
COMMENT ON COLUMN ROUNDS.ROUND_ID IS 'The ID of the round';
COMMENT ON COLUMN ROUNDS.ROUND IS 'The name of the round';

INSERT INTO ROUNDS (ROUND_ID, ROUND) VALUES ('B', 'blind');
INSERT INTO ROUNDS (ROUND_ID, ROUND) VALUES ('F', 'flop');
INSERT INTO ROUNDS (ROUND_ID, ROUND) VALUES ('T', 'turn');
INSERT INTO ROUNDS (ROUND_ID, ROUND) VALUES ('R', 'river');
INSERT INTO ROUNDS (ROUND_ID, ROUND) VALUES ('S', 'showdown');

CREATE TABLE MEMBERS (
    MEMBER_ID NUMBER NOT NULL,
    MEMBER_NICKNAME VARCHAR2(255 BYTE) NOT NULL,
    MEMBER_EMAIL VARCHAR2(255 BYTE) NOT NULL,
    MEMBER_LEVEL NUMBER NOT NULL,
    MEMBER_EXP_OVER_LEVEL NUMBER NOT NULL,
    MEMBER_PASSWORD VARCHAR2(255 BYTE) NOT NULL,
    PRIMARY KEY (MEMBER_ID),
    UNIQUE (MEMBER_EMAIL),
    UNIQUE (MEMBER_NICKNAME)
);

COMMENT ON TABLE MEMBERS IS 'The member in the system';
COMMENT ON COLUMN MEMBERS.MEMBER_ID IS 'The ID of the member';
COMMENT ON COLUMN MEMBERS.MEMBER_NAME IS 'The user name of the member';

INSERT INTO MEMBERS (MEMBER_ID, MEMBER_NICKNAME, MEMBER_EMAIL, MEMBER_LEVEL, MEMBER_EXP_OVER_LEVEL, MEMBER_PASSWORD) VALUES (1, 'guz', 'guz@oregonstate.edu', 123, 10492, 'hunter3');
INSERT INTO MEMBERS (MEMBER_ID, MEMBER_NICKNAME, MEMBER_EMAIL, MEMBER_LEVEL, MEMBER_EXP_OVER_LEVEL, MEMBER_PASSWORD) VALUES (2, 'John Wick', 'wickj@oregonstate.edu', 200, 114514, 'hunter10');

CREATE TABLE GAMES (
    GAME_ID NUMBER NOT NULL,
    ROUND_ID VARCHAR2(255 BYTE) NOT NULL,
    MINIMUM_BET NUMBER NOT NULL,
    MAXIMUM_BET NUMBER NOT NULL,
    BET_POOL NUMBER NOT NULL,
    PRIMARY KEY (GAME_ID),
    FOREIGN KEY (ROUND_ID) REFERENCES ROUNDS(ROUND_ID)
);

CREATE TABLE TABLE_CARDS (
    GAME_ID NUMBER NOT NULL,
    CARD_ID NUMBER NOT NULL,
    PRIMARY KEY (GAME_ID, CARD_ID),
    FOREIGN KEY (GAME_ID) REFERENCES GAMES(GAME_ID),
    FOREIGN KEY (CARD_ID) REFERENCES CARDS(CARD_ID)
);

CREATE TABLE STATUSES (
    STATUS_ID VARCHAR2 (255 BYTE) NOT NULL,
    STATUS VARCHAR2 (255 BYTE) NOT NULL,
    PRIMARY KEY (STATUS_ID)
);

INSERT INTO STATUSES (STATUS_ID, STATUS) VALUES ('FO','folded');
INSERT INTO STATUSES (STATUS_ID, STATUS) VALUES ('CA','called');
INSERT INTO STATUSES (STATUS_ID, STATUS) VALUES ('RA','raised');
INSERT INTO STATUSES (STATUS_ID, STATUS) VALUES ('CH','checked');


CREATE TABLE PLAYERS (
    PLAYER_ID NUMBER NOT NULL,
    MEMBER_ID NUMBER NOT NULL,
    GAME_ID NUMBER NOT NULL,
    PLAYER_BET NUMBER NOT NULL,
    STATUS_ID VARCHAR2 (255 BYTE) NOT NULL,
    PRIMARY KEY (PLAYER_ID),
    FOREIGN KEY (MEMBER_ID) REFERENCES MEMBERS(MEMBER_ID),
    FOREIGN KEY (STATUS_ID) REFERENCES STATUSES(STATUS_ID),
    FOREIGN KEY (GAME_ID) REFERENCES GAMES(GAME_ID)
);

CREATE TABLE PLAYER_CARDS (
    PLAYER_ID NUMBER NOT NULL,
    CARD_ID NUMBER NOT NULL,
    PRIMARY KEY (PLAYER_ID, CARD_ID),
    FOREIGN KEY (PLAYER_ID) REFERENCES PLAYERS(PLAYER_ID),
    FOREIGN KEY (CARD_ID) REFERENCES CARDS(CARD_ID)
);


